Workbook

Sheet OD600
A1: Time | B1: A1 | C1: A2 | D1: A3 | E1: A4 | F1: A5 | G1: A6 | H1: A7 | I1: A8 | J1: A9 | K1: A10 | L1: A11 | M1: A12 | N1: C1 | O1: C2 | P1: C3 | Q1: C4 | R1: C5 | S1: C6 | T1: C7 | U1: C8 | V1: C9 | W1: C10 | X1: C11 | Y1: C12 | Z1: B1 | AA1: B2 | AB1: B3 | AC1: B4 | AD1: B5 | AE1: B6 | AF1: B7 | AG1: B8 | AH1: B9 | AI1: B10 | AJ1: B11 | AK1: B12
A2: 0.012708333 | B2: 0.194 | C2: 0.155 | D2: 0.137 | E2: 0.131 | F2: 0.129 | G2: 0.126 | H2: 0.125 | I2: 0.125 | J2: 0.123 | K2: 0.125 | L2: 0.124 | M2: 0.121 | N2: 0.181 | O2: 0.147 | P2: 0.132 | Q2: 0.126 | R2: 0.124 | S2: 0.123 | T2: 0.122 | U2: 0.122 | V2: 0.121 | W2: 0.12 | X2: 0.121 | Y2: 0.12 | Z2: 0.189 | AA2: 0.151 | AB2: 0.139 | AC2: 0.13 | AD2: 0.129 | AE2: 0.125 | AF2: 0.125 | AG2: 0.124 | AH2: 0.123 | AI2: 0.122 | AJ2: 0.122 | AK2: 0.123
A3: 0.026597222 | B3: 0.208 | C3: 0.169 | D3: 0.149 | E3: 0.143 | F3: 0.141 | G3: 0.137 | H3: 0.137 | I3: 0.136 | J3: 0.137 | K3: 0.138 | L3: 0.137 | M3: 0.132 | N3: 0.19 | O3: 0.159 | P3: 0.142 | Q3: 0.136 | R3: 0.134 | S3: 0.133 | T3: 0.133 | U3: 0.132 | V3: 0.131 | W3: 0.13 | X3: 0.131 | Y3: 0.129 | Z3: 0.197 | AA3: 0.165 | AB3: 0.151 | AC3: 0.141 | AD3: 0.14 | AE3: 0.137 | AF3: 0.137 | AG3: 0.136 | AH3: 0.135 | AI3: 0.134 | AJ3: 0.134 | AK3: 0.135
A4: 0.040486111 | B4: 0.228 | C4: 0.188 | D4: 0.168 | E4: 0.165 | F4: 0.163 | G4: 0.16 | H4: 0.16 | I4: 0.159 | J4: 0.161 | K4: 0.161 | L4: 0.16 | M4: 0.152 | N4: 0.204 | O4: 0.176 | P4: 0.158 | Q4: 0.153 | R4: 0.152 | S4: 0.152 | T4: 0.154 | U4: 0.153 | V4: 0.152 | W4: 0.149 | X4: 0.149 | Y4: 0.148 | Z4: 0.215 | AA4: 0.184 | AB4: 0.171 | AC4: 0.162 | AD4: 0.161 | AE4: 0.157 | AF4: 0.159 | AG4: 0.158 | AH4: 0.158 | AI4: 0.156 | AJ4: 0.156 | AK4: 0.156
A5: 0.054375 | B5: 0.261 | C5: 0.222 | D5: 0.201 | E5: 0.197 | F5: 0.197 | G5: 0.196 | H5: 0.197 | I5: 0.2 | J5: 0.198 | K5: 0.199 | L5: 0.197 | M5: 0.184 | N5: 0.229 | O5: 0.202 | P5: 0.184 | Q5: 0.18 | R5: 0.181 | S5: 0.184 | T5: 0.187 | U5: 0.186 | V5: 0.185 | W5: 0.18 | X5: 0.179 | Y5: 0.179 | Z5: 0.249 | AA5: 0.216 | AB5: 0.199 | AC5: 0.191 | AD5: 0.193 | AE5: 0.189 | AF5: 0.191 | AG5: 0.194 | AH5: 0.195 | AI5: 0.194 | AJ5: 0.197 | AK5: 0.19
A6: 0.068263889 | B6: 0.308 | C6: 0.27 | D6: 0.248 | E6: 0.248 | F6: 0.249 | G6: 0.25 | H6: 0.254 | I6: 0.26 | J6: 0.257 | K6: 0.258 | L6: 0.256 | M6: 0.236 | N6: 0.27 | O6: 0.236 | P6: 0.216 | Q6: 0.219 | R6: 0.224 | S6: 0.232 | T6: 0.238 | U6: 0.239 | V6: 0.238 | W6: 0.231 | X6: 0.23 | Y6: 0.23 | Z6: 0.298 | AA6: 0.26 | AB6: 0.248 | AC6: 0.239 | AD6: 0.244 | AE6: 0.242 | AF6: 0.246 | AG6: 0.251 | AH6: 0.257 | AI6: 0.255 | AJ6: 0.258 | AK6: 0.252
A7: 0.082152778 | B7: 0.369 | C7: 0.327 | D7: 0.307 | E7: 0.311 | F7: 0.312 | G7: 0.323 | H7: 0.331 | I7: 0.335 | J7: 0.335 | K7: 0.332 | L7: 0.327 | M7: 0.305 | N7: 0.323 | O7: 0.29 | P7: 0.273 | Q7: 0.276 | R7: 0.293 | S7: 0.304 | T7: 0.309 | U7: 0.311 | V7: 0.309 | W7: 0.3 | X7: 0.299 | Y7: 0.297 | Z7: 0.358 | AA7: 0.32 | AB7: 0.311 | AC7: 0.304 | AD7: 0.314 | AE7: 0.313 | AF7: 0.319 | AG7: 0.325 | AH7: 0.329 | AI7: 0.326 | AJ7: 0.333 | AK7: 0.328
A8: 0.096041667 | B8: 0.418 | C8: 0.382 | D8: 0.361 | E8: 0.358 | F8: 0.36 | G8: 0.369 | H8: 0.368 | I8: 0.376 | J8: 0.364 | K8: 0.367 | L8: 0.373 | M8: 0.355 | N8: 0.388 | O8: 0.354 | P8: 0.338 | Q8: 0.348 | R8: 0.367 | S8: 0.377 | T8: 0.376 | U8: 0.367 | V8: 0.366 | W8: 0.365 | X8: 0.368 | Y8: 0.346 | Z8: 0.408 | AA8: 0.376 | AB8: 0.363 | AC8: 0.36 | AD8: 0.366 | AE8: 0.369 | AF8: 0.371 | AG8: 0.37 | AH8: 0.388 | AI8: 0.372 | AJ8: 0.37 | AK8: 0.363
A9: 0.10993056 | B9: 0.459 | C9: 0.409 | D9: 0.391 | E9: 0.384 | F9: 0.386 | G9: 0.404 | H9: 0.403 | I9: 0.422 | J9: 0.424 | K9: 0.429 | L9: 0.431 | M9: 0.41 | N9: 0.427 | O9: 0.401 | P9: 0.403 | Q9: 0.389 | R9: 0.416 | S9: 0.418 | T9: 0.418 | U9: 0.435 | V9: 0.406 | W9: 0.436 | X9: 0.408 | Y9: 0.384 | Z9: 0.445 | AA9: 0.411 | AB9: 0.4 | AC9: 0.392 | AD9: 0.401 | AE9: 0.404 | AF9: 0.402 | AG9: 0.409 | AH9: 0.434 | AI9: 0.412 | AJ9: 0.407 | AK9: 0.411
A10: 0.12381944 | B10: 0.488 | C10: 0.449 | D10: 0.442 | E10: 0.447 | F10: 0.432 | G10: 0.486 | H10: 0.483 | I10: 0.488 | J10: 0.505 | K10: 0.511 | L10: 0.517 | M10: 0.478 | N10: 0.497 | O10: 0.465 | P10: 0.461 | Q10: 0.434 | R10: 0.467 | S10: 0.469 | T10: 0.478 | U10: 0.485 | V10: 0.483 | W10: 0.513 | X10: 0.486 | Y10: 0.438 | Z10: 0.504 | AA10: 0.468 | AB10: 0.454 | AC10: 0.445 | AD10: 0.461 | AE10: 0.473 | AF10: 0.458 | AG10: 0.474 | AH10: 0.514 | AI10: 0.48 | AJ10: 0.485 | AK10: 0.485
A11: 0.13770833 | B11: 0.56 | C11: 0.533 | D11: 0.524 | E11: 0.521 | F11: 0.508 | G11: 0.573 | H11: 0.578 | I11: 0.626 | J11: 0.614 | K11: 0.624 | L11: 0.633 | M11: 0.539 | N11: 0.573 | O11: 0.514 | P11: 0.533 | Q11: 0.503 | R11: 0.551 | S11: 0.547 | T11: 0.54 | U11: 0.556 | V11: 0.558 | W11: 0.578 | X11: 0.563 | Y11: 0.541 | Z11: 0.57 | AA11: 0.562 | AB11: 0.528 | AC11: 0.496 | AD11: 0.517 | AE11: 0.517 | AF11: 0.534 | AG11: 0.575 | AH11: 0.614 | AI11: 0.566 | AJ11: 0.597 | AK11: 0.582
A12: 0.15159722 | B12: 0.658 | C12: 0.618 | D12: 0.594 | E12: 0.626 | F12: 0.637 | G12: 0.642 | H12: 0.64 | I12: 0.651 | J12: 0.669 | K12: 0.67 | L12: 0.684 | M12: 0.658 | N12: 0.614 | O12: 0.582 | P12: 0.598 | Q12: 0.582 | R12: 0.61 | S12: 0.608 | T12: 0.605 | U12: 0.604 | V12: 0.603 | W12: 0.627 | X12: 0.637 | Y12: 0.644 | Z12: 0.651 | AA12: 0.625 | AB12: 0.566 | AC12: 0.572 | AD12: 0.594 | AE12: 0.597 | AF12: 0.583 | AG12: 0.586 | AH12: 0.62 | AI12: 0.601 | AJ12: 0.636 | AK12: 0.647
A13: 0.16548611 | B13: 0.661 | C13: 0.649 | D13: 0.623 | E13: 0.639 | F13: 0.645 | G13: 0.664 | H13: 0.671 | I13: 0.68 | J13: 0.696 | K13: 0.698 | L13: 0.701 | M13: 0.657 | N13: 0.664 | O13: 0.633 | P13: 0.647 | Q13: 0.588 | R13: 0.641 | S13: 0.63 | T13: 0.634 | U13: 0.623 | V13: 0.635 | W13: 0.657 | X13: 0.668 | Y13: 0.66 | Z13: 0.668 | AA13: 0.635 | AB13: 0.609 | AC13: 0.596 | AD13: 0.618 | AE13: 0.626 | AF13: 0.607 | AG13: 0.624 | AH13: 0.646 | AI13: 0.627 | AJ13: 0.646 | AK13: 0.673
... A73: 0.99881944 | B73: 1.374 | C73: 1.401 | D73: 1.398 | E73: 1.414 | F73: 1.473 | G73: 1.475 | H73: 1.466 | I73: 1.486 | J73: 1.457 | K73: 1.445 | L73: 1.432 | M73: 1.351 | N73: 1.406 | O73: 1.498 | P73: 1.501 | Q73: 1.5 | R73: 1.402 | S73: 1.406 | T73: 1.383 | U73: 1.39 | V73: 1.438 | W73: 1.43 | X73: 1.412 | Y73: 1.413 | Z73: 1.43 | AA73: 1.47 | AB73: 1.474 | AC73: 1.451 | AD73: 1.521 | AE73: 1.493 | AF73: 1.491 | AG73: 1.489 | AH73: 1.483 | AI73: 1.449 | AJ73: 1.44 | AK73: 1.408

Sheet GFP
A1: Figure 3f and Supplementary Figure 5cd
B2: HD3
B3: colony 1 | N3: colony 2 | Z3: colony 3
B4: heme uM | N4: heme uM | Z4: heme uM
B5: 12.5 | C5: =B5/2 -> 6.25 | D5: =C5/2 -> 3.125 | E5: =D5/2 -> 1.5625 | F5: =E5/2 -> 0.78125 | G5: =F5/2 -> 0.390625 | H5: =G5/2 -> 0.1953125 | I5: =H5/2 -> 0.09765625 | J5: =I5/2 -> 0.048828125 | ... L5: =K5/2 -> 0.012207031 | M5: 0 | N5: 12.5 | O5: =N5/2 -> 6.25 | P5: =O5/2 -> 3.125 | Q5: =P5/2 -> 1.5625 | R5: =Q5/2 -> 0.78125 | S5: =R5/2 -> 0.390625 | T5: =S5/2 -> 0.1953125 | U5: =T5/2 -> 0.09765625 | V5: =U5/2 -> 0.048828125 | ... X5: =W5/2 -> 0.012207031 | Y5: 0 | Z5: 12.5 | AA5: =Z5/2 -> 6.25 | AB5: =AA5/2 -> 3.125 | AC5: =AB5/2 -> 1.5625 | AD5: =AC5/2 -> 0.78125 | AE5: =AD5/2 -> 0.390625 | AF5: =AE5/2 -> 0.1953125 | AG5: =AF5/2 -> 0.09765625 | AH5: =AG5/2 -> 0.048828125 | ... AJ5: =AI5/2 -> 0.012207031 | AK5: 0
A6: Time | B6: A1 | C6: A2 | D6: A3 | E6: A4 | F6: A5 | G6: A6 | H6: A7 | I6: A8 | J6: A9 | K6: A10 | L6: A11 | M6: A12 | N6: C1 | O6: C2 | P6: C3 | Q6: C4 | R6: C5 | S6: C6 | T6: C7 | U6: C8 | V6: C9 | W6: C10 | X6: C11 | Y6: C12 | Z6: B1 | AA6: B2 | AB6: B3 | AC6: B4 | AD6: B5 | AE6: B6 | AF6: B7 | AG6: B8 | AH6: B9 | AI6: B10 | AJ6: B11 | AK6: B12
A7: 0.013298611 | B7: 70 | C7: 91 | D7: 117 | E7: 108 | F7: 97 | G7: 101 | H7: 98 | I7: 99 | J7: 97 | K7: 98 | L7: 97 | M7: 125 | N7: 74 | O7: 85 | P7: 108 | Q7: 106 | R7: 106 | S7: 105 | T7: 108 | U7: 104 | V7: 104 | W7: 97 | X7: 102 | Y7: 99 | Z7: 68 | AA7: 85 | AB7: 101 | AC7: 115 | AD7: 99 | AE7: 103 | AF7: 102 | AG7: 98 | AH7: 104 | AI7: 106 | AJ7: 108 | AK7: 101
A8: 0.0271875 | B8: 74 | C8: 87 | D8: 114 | E8: 103 | F8: 99 | G8: 100 | H8: 99 | I8: 98 | J8: 99 | K8: 98 | L8: 101 | M8: 122 | N8: 72 | O8: 89 | P8: 107 | Q8: 106 | R8: 106 | S8: 103 | T8: 109 | U8: 101 | V8: 98 | W8: 99 | X8: 99 | Y8: 101 | Z8: 76 | AA8: 83 | AB8: 98 | AC8: 110 | AD8: 98 | AE8: 104 | AF8: 100 | AG8: 100 | AH8: 102 | AI8: 104 | AJ8: 104 | AK8: 98
A9: 0.041076389 | B9: 76 | C9: 83 | D9: 114 | E9: 108 | F9: 97 | G9: 93 | H9: 95 | I9: 95 | J9: 98 | K9: 95 | L9: 93 | M9: 123 | N9: 73 | O9: 80 | P9: 110 | Q9: 109 | R9: 105 | S9: 101 | T9: 99 | U9: 100 | V9: 94 | W9: 103 | X9: 97 | Y9: 98 | Z9: 69 | AA9: 82 | AB9: 94 | AC9: 112 | AD9: 93 | AE9: 97 | AF9: 100 | AG9: 97 | AH9: 101 | AI9: 103 | AJ9: 101 | AK9: 97
A10: 0.054965278 | B10: 69 | C10: 84 | D10: 109 | E10: 98 | F10: 90 | G10: 94 | H10: 97 | I10: 94 | J10: 97 | K10: 94 | L10: 93 | M10: 120 | N10: 72 | O10: 84 | P10: 103 | Q10: 104 | R10: 98 | S10: 97 | T10: 97 | U10: 98 | V10: 94 | W10: 98 | X10: 93 | Y10: 93 | Z10: 71 | AA10: 83 | AB10: 93 | AC10: 110 | AD10: 95 | AE10: 98 | AF10: 96 | AG10: 97 | AH10: 94 | AI10: 95 | AJ10: 100 | AK10: 95
A11: 0.068854167 | B11: 70 | C11: 81 | D11: 109 | E11: 99 | F11: 95 | G11: 95 | H11: 90 | I11: 87 | J11: 90 | K11: 90 | L11: 92 | M11: 116 | N11: 69 | O11: 82 | P11: 97 | Q11: 101 | R11: 97 | S11: 95 | T11: 101 | U11: 92 | V11: 88 | W11: 91 | X11: 91 | Y11: 91 | Z11: 70 | AA11: 81 | AB11: 94 | AC11: 104 | AD11: 89 | AE11: 94 | AF11: 93 | AG11: 89 | AH11: 92 | AI11: 95 | AJ11: 97 | AK11: 92
A12: 0.082743056 | B12: 68 | C12: 79 | D12: 102 | E12: 94 | F12: 92 | G12: 88 | H12: 88 | I12: 83 | J12: 90 | K12: 86 | L12: 89 | M12: 112 | N12: 69 | O12: 79 | P12: 101 | Q12: 97 | R12: 91 | S12: 88 | T12: 90 | U12: 87 | V12: 89 | W12: 86 | X12: 87 | Y12: 89 | Z12: 68 | AA12: 78 | AB12: 87 | AC12: 101 | AD12: 86 | AE12: 91 | AF12: 86 | AG12: 86 | AH12: 90 | AI12: 91 | AJ12: 93 | AK12: 90
A13: 0.096631944 | B13: 69 | C13: 78 | D13: 104 | E13: 93 | F13: 84 | G13: 93 | H13: 89 | I13: 88 | J13: 90 | K13: 87 | L13: 89 | M13: 112 | N13: 65 | O13: 77 | P13: 99 | Q13: 93 | R13: 91 | S13: 89 | T13: 90 | U13: 89 | V13: 86 | W13: 87 | X13: 84 | Y13: 90 | Z13: 69 | AA13: 76 | AB13: 82 | AC13: 98 | AD13: 82 | AE13: 90 | AF13: 88 | AG13: 84 | AH13: 88 | AI13: 88 | AJ13: 93 | AK13: 86
A14: 0.11052083 | B14: 68 | C14: 80 | D14: 104 | E14: 96 | F14: 84 | G14: 90 | H14: 89 | I14: 87 | J14: 90 | K14: 90 | L14: 94 | M14: 112 | N14: 68 | O14: 75 | P14: 92 | Q14: 95 | R14: 82 | S14: 80 | T14: 88 | U14: 88 | V14: 85 | W14: 86 | X14: 88 | Y14: 89 | Z14: 66 | AA14: 76 | AB14: 79 | AC14: 105 | AD14: 85 | AE14: 88 | AF14: 86 | AG14: 87 | AH14: 86 | AI14: 85 | AJ14: 93 | AK14: 90
A15: 0.12440972 | B15: 72 | C15: 77 | D15: 105 | E15: 94 | F15: 88 | G15: 86 | H15: 84 | I15: 91 | J15: 95 | K15: 94 | L15: 95 | M15: 119 | N15: 64 | O15: 77 | P15: 92 | Q15: 96 | R15: 84 | S15: 88 | T15: 91 | U15: 90 | V15: 89 | W15: 88 | X15: 92 | Y15: 98 | Z15: 63 | AA15: 74 | AB15: 85 | AC15: 98 | AD15: 84 | AE15: 86 | AF15: 84 | AG15: 91 | AH15: 89 | AI15: 89 | AJ15: 91 | AK15: 89
A16: 0.13829861 | B16: 73 | C16: 79 | D16: 103 | E16: 95 | F16: 89 | G16: 89 | H16: 97 | I16: 102 | J16: 102 | K16: 106 | L16: 98 | M16: 130 | N16: 67 | O16: 73 | P16: 98 | Q16: 92 | R16: 87 | S16: 88 | T16: 91 | U16: 95 | V16: 94 | W16: 96 | X16: 97 | Y16: 100 | Z16: 70 | AA16: 76 | AB16: 87 | AC16: 102 | AD16: 88 | AE16: 89 | AF16: 92 | AG16: 94 | AH16: 95 | AI16: 91 | AJ16: 94 | AK16: 97
A17: 0.1521875 | B17: 76 | C17: 84 | D17: 110 | E17: 105 | F17: 97 | G17: 99 | H17: 99 | I17: 103 | J17: 109 | K17: 110 | L17: 114 | M17: 151 | N17: 69 | O17: 79 | P17: 99 | Q17: 97 | R17: 91 | S17: 92 | T17: 97 | U17: 103 | V17: 103 | W17: 103 | X17: 100 | Y17: 112 | Z17: 73 | AA17: 81 | AB17: 93 | AC17: 108 | AD17: 91 | AE17: 95 | AF17: 96 | AG17: 98 | AH17: 99 | AI17: 104 | AJ17: 105 | AK17: 108
A18: 0.16607639 | B18: 78 | C18: 88 | D18: 109 | E18: 99 | F18: 96 | G18: 98 | H18: 99 | I18: 107 | J18: 109 | K18: 109 | L18: 109 | M18: 153 | N18: 67 | O18: 78 | P18: 96 | Q18: 98 | R18: 90 | S18: 93 | T18: 97 | U18: 101 | V18: 105 | W18: 103 | X18: 106 | Y18: 115 | Z18: 71 | AA18: 81 | AB18: 91 | AC18: 105 | AD18: 88 | AE18: 92 | AF18: 88 | AG18: 94 | AH18: 100 | AI18: 96 | AJ18: 102 | AK18: 102
... A78: 0.99940972 | B78: 140 | C78: 168 | D78: 328 | E78: 381 | F78: 383 | G78: 372 | H78: 377 | I78: 367 | J78: 367 | K78: 353 | L78: 358 | M78: 549 | N78: 99 | O78: 135 | P78: 277 | Q78: 327 | R78: 249 | S78: 256 | T78: 252 | U78: 262 | V78: 265 | W78: 256 | X78: 263 | Y78: 366 | Z78: 97 | AA78: 112 | AB78: 227 | AC78: 302 | AD78: 267 | AE78: 273 | AF78: 268 | AG78: 265 | AH78: 266 | AI78: 255 | AJ78: 266 | AK78: 335

Sheet average
A1: Time | B1: 12.5 | C1: =B1/2 -> 6.25 | D1: =C1/2 -> 3.125 | E1: =D1/2 -> 1.5625 | F1: =E1/2 -> 0.78125 | G1: =F1/2 -> 0.390625 | H1: =G1/2 -> 0.1953125 | I1: =H1/2 -> 0.09765625 | J1: =I1/2 -> 0.048828125 | ... L1: =K1/2 -> 0.012207031 | M1: 0
A2: 0.013298611 | B2: =AVERAGE(GFP!B7,GFP!N7,GFP!Z7) -> 70.666667 | C2: =AVERAGE(GFP!C7,GFP!O7,GFP!AA7) -> 87 | D2: =AVERAGE(GFP!D7,GFP!P7,GFP!AB7) -> 108.66667 | E2: =AVERAGE(GFP!E7,GFP!Q7,GFP!AC7) -> 109.66667 | F2: =AVERAGE(GFP!F7,GFP!R7,GFP!AD7) -> 100.66667 | G2: =AVERAGE(GFP!G7,GFP!S7,GFP!AE7) -> 103 | H2: =AVERAGE(GFP!H7,GFP!T7,GFP!AF7) -> 102.66667 | I2: =AVERAGE(GFP!I7,GFP!U7,GFP!AG7) -> 100.33333 | ... M2: =AVERAGE(GFP!M7,GFP!Y7,GFP!AK7) -> 108.33333
A3: 0.0271875 | B3: =AVERAGE(GFP!B8,GFP!N8,GFP!Z8) -> 74 | C3: =AVERAGE(GFP!C8,GFP!O8,GFP!AA8) -> 86.333333 | D3: =AVERAGE(GFP!D8,GFP!P8,GFP!AB8) -> 106.33333 | E3: =AVERAGE(GFP!E8,GFP!Q8,GFP!AC8) -> 106.33333 | F3: =AVERAGE(GFP!F8,GFP!R8,GFP!AD8) -> 101 | G3: =AVERAGE(GFP!G8,GFP!S8,GFP!AE8) -> 102.33333 | H3: =AVERAGE(GFP!H8,GFP!T8,GFP!AF8) -> 102.66667 | I3: =AVERAGE(GFP!I8,GFP!U8,GFP!AG8) -> 99.666667 | ... M3: =AVERAGE(GFP!M8,GFP!Y8,GFP!AK8) -> 107
A4: 0.041076389 | B4: =AVERAGE(GFP!B9,GFP!N9,GFP!Z9) -> 72.666667 | C4: =AVERAGE(GFP!C9,GFP!O9,GFP!AA9) -> 81.666667 | D4: =AVERAGE(GFP!D9,GFP!P9,GFP!AB9) -> 106 | E4: =AVERAGE(GFP!E9,GFP!Q9,GFP!AC9) -> 109.66667 | F4: =AVERAGE(GFP!F9,GFP!R9,GFP!AD9) -> 98.333333 | G4: =AVERAGE(GFP!G9,GFP!S9,GFP!AE9) -> 97 | H4: =AVERAGE(GFP!H9,GFP!T9,GFP!AF9) -> 98 | I4: =AVERAGE(GFP!I9,GFP!U9,GFP!AG9) -> 97.333333 | ... M4: =AVERAGE(GFP!M9,GFP!Y9,GFP!AK9) -> 106
A5: 0.054965278 | B5: =AVERAGE(GFP!B10,GFP!N10,GFP!Z10) -> 70.666667 | C5: =AVERAGE(GFP!C10,GFP!O10,GFP!AA10) -> 83.666667 | D5: =AVERAGE(GFP!D10,GFP!P10,GFP!AB10) -> 101.66667 | E5: =AVERAGE(GFP!E10,GFP!Q10,GFP!AC10) -> 104 | F5: =AVERAGE(GFP!F10,GFP!R10,GFP!AD10) -> 94.333333 | G5: =AVERAGE(GFP!G10,GFP!S10,GFP!AE10) -> 96.333333 | H5: =AVERAGE(GFP!H10,GFP!T10,GFP!AF10) -> 96.666667 | I5: =AVERAGE(GFP!I10,GFP!U10,GFP!AG10) -> 96.333333 | ... M5: =AVERAGE(GFP!M10,GFP!Y10,GFP!AK10) -> 102.66667
A6: 0.068854167 | B6: =AVERAGE(GFP!B11,GFP!N11,GFP!Z11) -> 69.666667 | C6: =AVERAGE(GFP!C11,GFP!O11,GFP!AA11) -> 81.333333 | D6: =AVERAGE(GFP!D11,GFP!P11,GFP!AB11) -> 100 | E6: =AVERAGE(GFP!E11,GFP!Q11,GFP!AC11) -> 101.33333 | F6: =AVERAGE(GFP!F11,GFP!R11,GFP!AD11) -> 93.666667 | G6: =AVERAGE(GFP!G11,GFP!S11,GFP!AE11) -> 94.666667 | H6: =AVERAGE(GFP!H11,GFP!T11,GFP!AF11) -> 94.666667 | I6: =AVERAGE(GFP!I11,GFP!U11,GFP!AG11) -> 89.333333 | ... M6: =AVERAGE(GFP!M11,GFP!Y11,GFP!AK11) -> 99.666667
A7: 0.082743056 | B7: =AVERAGE(GFP!B12,GFP!N12,GFP!Z12) -> 68.333333 | C7: =AVERAGE(GFP!C12,GFP!O12,GFP!AA12) -> 78.666667 | D7: =AVERAGE(GFP!D12,GFP!P12,GFP!AB12) -> 96.666667 | E7: =AVERAGE(GFP!E12,GFP!Q12,GFP!AC12) -> 97.333333 | F7: =AVERAGE(GFP!F12,GFP!R12,GFP!AD12) -> 89.666667 | G7: =AVERAGE(GFP!G12,GFP!S12,GFP!AE12) -> 89 | H7: =AVERAGE(GFP!H12,GFP!T12,GFP!AF12) -> 88 | I7: =AVERAGE(GFP!I12,GFP!U12,GFP!AG12) -> 85.333333 | ... M7: =AVERAGE(GFP!M12,GFP!Y12,GFP!AK12) -> 97
A8: 0.096631944 | B8: =AVERAGE(GFP!B13,GFP!N13,GFP!Z13) -> 67.666667 | C8: =AVERAGE(GFP!C13,GFP!O13,GFP!AA13) -> 77 | D8: =AVERAGE(GFP!D13,GFP!P13,GFP!AB13) -> 95 | E8: =AVERAGE(GFP!E13,GFP!Q13,GFP!AC13) -> 94.666667 | F8: =AVERAGE(GFP!F13,GFP!R13,GFP!AD13) -> 85.666667 | G8: =AVERAGE(GFP!G13,GFP!S13,GFP!AE13) -> 90.666667 | H8: =AVERAGE(GFP!H13,GFP!T13,GFP!AF13) -> 89 | I8: =AVERAGE(GFP!I13,GFP!U13,GFP!AG13) -> 87 | ... M8: =AVERAGE(GFP!M13,GFP!Y13,GFP!AK13) -> 96
A9: 0.11052083 | B9: =AVERAGE(GFP!B14,GFP!N14,GFP!Z14) -> 67.333333 | C9: =AVERAGE(GFP!C14,GFP!O14,GFP!AA14) -> 77 | D9: =AVERAGE(GFP!D14,GFP!P14,GFP!AB14) -> 91.666667 | E9: =AVERAGE(GFP!E14,GFP!Q14,GFP!AC14) -> 98.666667 | F9: =AVERAGE(GFP!F14,GFP!R14,GFP!AD14) -> 83.666667 | G9: =AVERAGE(GFP!G14,GFP!S14,GFP!AE14) -> 86 | H9: =AVERAGE(GFP!H14,GFP!T14,GFP!AF14) -> 87.666667 | I9: =AVERAGE(GFP!I14,GFP!U14,GFP!AG14) -> 87.333333 | ... M9: =AVERAGE(GFP!M14,GFP!Y14,GFP!AK14) -> 97
A10: 0.12440972 | B10: =AVERAGE(GFP!B15,GFP!N15,GFP!Z15) -> 66.333333 | C10: =AVERAGE(GFP!C15,GFP!O15,GFP!AA15) -> 76 | D10: =AVERAGE(GFP!D15,GFP!P15,GFP!AB15) -> 94 | E10: =AVERAGE(GFP!E15,GFP!Q15,GFP!AC15) -> 96 | F10: =AVERAGE(GFP!F15,GFP!R15,GFP!AD15) -> 85.333333 | G10: =AVERAGE(GFP!G15,GFP!S15,GFP!AE15) -> 86.666667 | H10: =AVERAGE(GFP!H15,GFP!T15,GFP!AF15) -> 86.333333 | I10: =AVERAGE(GFP!I15,GFP!U15,GFP!AG15) -> 90.666667 | ... M10: =AVERAGE(GFP!M15,GFP!Y15,GFP!AK15) -> 102
A11: 0.13829861 | B11: =AVERAGE(GFP!B16,GFP!N16,GFP!Z16) -> 70 | C11: =AVERAGE(GFP!C16,GFP!O16,GFP!AA16) -> 76 | D11: =AVERAGE(GFP!D16,GFP!P16,GFP!AB16) -> 96 | E11: =AVERAGE(GFP!E16,GFP!Q16,GFP!AC16) -> 96.333333 | F11: =AVERAGE(GFP!F16,GFP!R16,GFP!AD16) -> 88 | G11: =AVERAGE(GFP!G16,GFP!S16,GFP!AE16) -> 88.666667 | H11: =AVERAGE(GFP!H16,GFP!T16,GFP!AF16) -> 93.333333 | I11: =AVERAGE(GFP!I16,GFP!U16,GFP!AG16) -> 97 | ... M11: =AVERAGE(GFP!M16,GFP!Y16,GFP!AK16) -> 109
A12: 0.1521875 | B12: =AVERAGE(GFP!B17,GFP!N17,GFP!Z17) -> 72.666667 | C12: =AVERAGE(GFP!C17,GFP!O17,GFP!AA17) -> 81.333333 | D12: =AVERAGE(GFP!D17,GFP!P17,GFP!AB17) -> 100.66667 | E12: =AVERAGE(GFP!E17,GFP!Q17,GFP!AC17) -> 103.33333 | F12: =AVERAGE(GFP!F17,GFP!R17,GFP!AD17) -> 93 | G12: =AVERAGE(GFP!G17,GFP!S17,GFP!AE17) -> 95.333333 | H12: =AVERAGE(GFP!H17,GFP!T17,GFP!AF17) -> 97.333333 | I12: =AVERAGE(GFP!I17,GFP!U17,GFP!AG17) -> 101.33333 | ... M12: =AVERAGE(GFP!M17,GFP!Y17,GFP!AK17) -> 123.66667
A13: 0.16607639 | B13: =AVERAGE(GFP!B18,GFP!N18,GFP!Z18) -> 72 | C13: =AVERAGE(GFP!C18,GFP!O18,GFP!AA18) -> 82.333333 | D13: =AVERAGE(GFP!D18,GFP!P18,GFP!AB18) -> 98.666667 | E13: =AVERAGE(GFP!E18,GFP!Q18,GFP!AC18) -> 100.66667 | F13: =AVERAGE(GFP!F18,GFP!R18,GFP!AD18) -> 91.333333 | G13: =AVERAGE(GFP!G18,GFP!S18,GFP!AE18) -> 94.333333 | H13: =AVERAGE(GFP!H18,GFP!T18,GFP!AF18) -> 94.666667 | I13: =AVERAGE(GFP!I18,GFP!U18,GFP!AG18) -> 100.66667 | ... M13: =AVERAGE(GFP!M18,GFP!Y18,GFP!AK18) -> 123.33333
... A73: 0.99940972 | B73: =AVERAGE(GFP!B78,GFP!N78,GFP!Z78) -> 112 | C73: =AVERAGE(GFP!C78,GFP!O78,GFP!AA78) -> 138.33333 | D73: =AVERAGE(GFP!D78,GFP!P78,GFP!AB78) -> 277.33333 | E73: =AVERAGE(GFP!E78,GFP!Q78,GFP!AC78) -> 336.66667 | F73: =AVERAGE(GFP!F78,GFP!R78,GFP!AD78) -> 299.66667 | G73: =AVERAGE(GFP!G78,GFP!S78,GFP!AE78) -> 300.33333 | H73: =AVERAGE(GFP!H78,GFP!T78,GFP!AF78) -> 299 | I73: =AVERAGE(GFP!I78,GFP!U78,GFP!AG78) -> 298 | ... M73: =AVERAGE(GFP!M78,GFP!Y78,GFP!AK78) -> 416.66667
